-- --------------------------------------------------------
-- 主机:                           104.233.171.253
-- 服务器版本:                        8.0.24 - Source distribution
-- 服务器操作系统:                      Linux
-- HeidiSQL 版本:                  12.5.0.6677
-- --------------------------------------------------------

/*!40101 SET @OLD_CHARACTER_SET_CLIENT=@@CHARACTER_SET_CLIENT */;
/*!40101 SET NAMES utf8 */;
/*!50503 SET NAMES utf8mb4 */;
/*!40103 SET @OLD_TIME_ZONE=@@TIME_ZONE */;
/*!40103 SET TIME_ZONE='+00:00' */;
/*!40014 SET @OLD_FOREIGN_KEY_CHECKS=@@FOREIGN_KEY_CHECKS, FOREIGN_KEY_CHECKS=0 */;
/*!40101 SET @OLD_SQL_MODE=@@SQL_MODE, SQL_MODE='NO_AUTO_VALUE_ON_ZERO' */;
/*!40111 SET @OLD_SQL_NOTES=@@SQL_NOTES, SQL_NOTES=0 */;

-- 正在导出表  star_net.s_admin 的数据：~2 rows (大约)
INSERT IGNORE INTO `s_admin` (`id`, `rid`, `uname`, `pwd`, `nickname`, `email`, `phone`, `status`, `created_at`, `updated_at`, `key_secret`) VALUES
	(42, 1, 'admin', '$2a$10$i4zx9ccYBUu32p9kNwWFieommIgFHdewojOSoXY2iZ7zKkK/8OUC6', 'admin', '', '', 1, '2022-07-02 11:28:52', '2023-08-17 10:34:28', ''),
	(52, 1, 'guest', '$2a$10$i4zx9ccYBUu32p9kNwWFieommIgFHdewojOSoXY2iZ7zKkK/8OUC6', 'guest', '', '', 1, '2023-04-04 05:49:59', '2023-08-02 06:57:00', NULL);

-- 正在导出表  star_net.s_admin_login_log 的数据：~29 rows (大约)
INSERT IGNORE INTO `s_admin_login_log` (`id`, `uid`, `account`, `ip`, `created_at`, `updated_at`) VALUES
	(550, 42, NULL, '::1', '2023-08-17 15:48:02', '2023-08-17 15:48:02'),
	(551, 42, NULL, '::1', '2023-08-17 15:49:28', '2023-08-17 15:49:28'),
	(552, 42, NULL, '::1', '2023-08-17 15:53:43', '2023-08-17 15:53:43'),
	(553, 42, NULL, '::1', '2023-08-17 15:59:21', '2023-08-17 15:59:21'),
	(554, 42, NULL, '::1', '2023-08-17 16:00:00', '2023-08-17 16:00:00'),
	(555, 42, NULL, '::1', '2023-08-17 16:00:41', '2023-08-17 16:00:41'),
	(556, 42, NULL, '103.171.144.43', '2023-08-17 08:33:54', '2023-08-17 08:33:54'),
	(557, 42, NULL, '103.171.144.43', '2023-08-17 08:34:11', '2023-08-17 08:34:11'),
	(558, 52, NULL, '::1', '2023-08-17 17:12:41', '2023-08-17 17:12:41'),
	(559, 42, NULL, '::1', '2023-08-17 17:13:50', '2023-08-17 17:13:50'),
	(560, 42, NULL, '::1', '2023-08-17 17:14:14', '2023-08-17 17:14:14'),
	(561, 42, NULL, '::1', '2023-08-17 17:24:26', '2023-08-17 17:24:26'),
	(562, 42, NULL, '::1', '2023-08-17 17:26:17', '2023-08-17 17:26:17'),
	(563, 42, NULL, '::1', '2023-08-17 17:29:30', '2023-08-17 17:29:30'),
	(564, 42, NULL, '::1', '2023-08-17 17:30:28', '2023-08-17 17:30:28'),
	(565, 42, NULL, '::1', '2023-08-17 17:31:08', '2023-08-17 17:31:08'),
	(566, 42, NULL, '::1', '2023-08-17 17:31:39', '2023-08-17 17:31:39'),
	(567, 42, NULL, '::1', '2023-08-17 17:42:48', '2023-08-17 17:42:48'),
	(568, 42, NULL, '103.104.101.122', '2023-08-17 09:54:47', '2023-08-17 09:54:47'),
	(569, 42, NULL, '103.104.101.122', '2023-08-17 09:54:47', '2023-08-17 09:54:47'),
	(570, 42, '', '::1', '2023-08-17 18:10:38', '2023-08-17 18:10:38'),
	(571, 42, '', '103.171.144.43', '2023-08-17 10:15:56', '2023-08-17 10:15:56'),
	(572, 42, '', '103.171.144.43', '2023-08-17 10:16:15', '2023-08-17 10:16:15'),
	(573, 42, '', '::1', '2023-08-17 18:16:36', '2023-08-17 18:16:36'),
	(574, 42, '', '103.104.101.122', '2023-08-17 10:26:49', '2023-08-17 10:26:49'),
	(575, 42, '', '::1', '2023-08-17 18:33:07', '2023-08-17 18:33:07'),
	(576, 42, '', '116.50.161.5', '2023-08-18 06:39:55', '2023-08-18 06:39:55'),
	(577, 42, '', '116.50.161.5', '2023-08-18 06:40:06', '2023-08-18 06:40:06'),
	(578, 42, '', '116.50.161.58', '2023-08-18 06:57:20', '2023-08-18 06:57:20');

-- 正在导出表  star_net.s_api 的数据：~67 rows (大约)
INSERT IGNORE INTO `s_api` (`id`, `group`, `url`, `method`, `desc`, `created_at`, `updated_at`) VALUES
	(210, '/sys/admin', '/api/sys/admin/list', 'GET', ' 管理员列表', '2023-08-09 19:24:04', '2023-08-10 18:25:30'),
	(211, '/sys/admin', '/api/sys/admin', 'DELETE', ' 管理员删除单个数据', '2023-08-09 19:24:04', '2023-08-10 18:25:32'),
	(212, '/sys/admin', '/api/sys/admin/user_info', 'GET', ' 用户信息', '2023-08-09 19:24:06', '2023-08-10 18:25:32'),
	(213, '/sys/admin', '/api/sys/admin/edit_pwd', 'PUT', ' 管理员修该自己密码', '2023-08-09 19:24:06', '2023-08-10 18:25:32'),
	(214, '/sys/adminLoginLog', '/api/sys/adminLoginLog/list', 'GET', ' 管理员查询登录日志', '2023-08-09 19:24:06', '2023-08-10 18:25:33'),
	(215, '/sys/api', '/api/sys/api', 'DELETE', ' API删除单个数据', '2023-08-09 19:24:07', '2023-08-10 18:25:35'),
	(216, '/sys/api', '/api/sys/api/list', 'GET', ' API查询列表', '2023-08-09 19:24:07', '2023-08-10 18:25:34'),
	(217, '/sys/dict', '/api/sys/dict', 'DELETE', ' 字典删除单个', '2023-08-09 19:24:08', '2023-08-10 18:25:37'),
	(218, '/sys/dict', '/api/sys/dict/list', 'GET', ' 字典查询列表', '2023-08-09 19:24:09', '2023-08-10 18:25:36'),
	(219, '/sys/file', '/api/sys/file', 'DELETE', ' 文件删除单个', '2023-08-09 19:24:10', '2023-08-10 18:25:38'),
	(220, '/sys/file', '/api/sys/file/list', 'GET', ' 文件查询列表', '2023-08-09 19:24:10', '2023-08-10 18:25:37'),
	(221, '/sys/menu', '/api/sys/menu', 'DELETE', ' 菜单列表删除', '2023-08-09 19:24:12', '2023-08-10 18:25:41'),
	(222, '/sys/menu', '/api/sys/menu/getMenuByPath', 'GET', ' 菜单获取根据路经', '2023-08-09 19:24:12', '2023-08-10 18:25:39'),
	(223, '/sys/menu', '/api/sys/menu/list', 'GET', ' 菜单列表', '2023-08-09 19:24:12', '2023-08-10 18:25:39'),
	(224, '/sys/menu', '/api/sys/menu/listWithChildren', 'GET', ' 列表查询菜单带子级', '2023-08-09 19:24:13', '2023-08-10 18:25:39'),
	(225, '/sys/pusher', '/api/sys/pusher/sendAdmins', 'POST', ' 推送通知管理员', '2023-08-09 19:24:14', '2023-08-10 18:25:41'),
	(226, '/sys/role', '/api/sys/role', 'PUT', ' 角色修该', '2023-08-09 19:24:14', '2023-08-10 18:25:43'),
	(227, '/sys/role', '/api/sys/role/list', 'GET', ' 角色列表', '2023-08-09 19:24:15', '2023-08-10 18:25:42'),
	(228, '/sys/ws', '/api/sys/ws/connect', 'GET', ' 长链接', '2023-08-09 19:24:16', '2023-08-10 18:25:43'),
	(229, '/sys/ws', '/api/sys/ws/send', 'POST', ' 通知单个管理员', '2023-08-09 19:24:16', '2023-08-10 18:25:44'),
	(230, '/sys/ws', '/api/sys/ws/noticeAdmins', 'POST', ' 通知所有管理员', '2023-08-09 19:24:17', '2023-08-10 18:25:44'),
	(231, '/sys/admin', '/api/sys/admin/edit_pwd_user', 'PUT', ' 管理员修该用户密码', '2023-08-10 18:19:41', '2023-08-10 18:25:33'),
	(232, '/sys/admin', '/api/sys/admin', 'POST', ' 管理员添加 (waiting)', '2023-08-10 18:25:31', '2023-08-10 18:25:31'),
	(233, '/sys/admin', '/api/sys/admin', 'GET', ' 管理员查询单个', '2023-08-10 18:25:31', '2023-08-10 18:25:31'),
	(234, '/sys/admin', '/api/sys/admin', 'PUT', ' 管理员修改单个数据', '2023-08-10 18:25:31', '2023-08-10 18:25:31'),
	(235, '/sys/api', '/api/sys/api', 'GET', ' API查询单个', '2023-08-10 18:25:33', '2023-08-10 18:25:33'),
	(236, '/sys/api', '/api/sys/api', 'POST', ' API添加', '2023-08-10 18:25:34', '2023-08-10 18:25:34'),
	(237, '/sys/api', '/api/sys/api', 'PUT', ' API修改单个数据', '2023-08-10 18:25:35', '2023-08-10 18:25:35'),
	(238, '/sys/dict', '/api/sys/dict', 'GET', ' 字典查询单个', '2023-08-10 18:25:35', '2023-08-10 18:25:35'),
	(239, '/sys/dict', '/api/sys/dict', 'POST', ' 字典添加', '2023-08-10 18:25:36', '2023-08-10 18:25:36'),
	(240, '/sys/dict', '/api/sys/dict', 'PUT', ' 字典修改', '2023-08-10 18:25:36', '2023-08-10 18:25:36'),
	(241, '/sys/file', '/api/sys/file', 'POST', ' 上传图片', '2023-08-10 18:25:37', '2023-08-10 18:25:37'),
	(242, '/sys/menu', '/api/sys/menu', 'GET', ' 菜单根据ID查询', '2023-08-10 18:25:38', '2023-08-10 18:25:38'),
	(243, '/sys/menu', '/api/sys/menu', 'POST', ' 菜单列表添加', '2023-08-10 18:25:40', '2023-08-10 18:25:40'),
	(244, '/sys/menu', '/api/sys/menu', 'PUT', ' 菜单修该 ', '2023-08-10 18:25:40', '2023-08-10 18:25:40'),
	(245, '/sys/role', '/api/sys/role', 'GET', ' 角色查询根据ID', '2023-08-10 18:25:41', '2023-08-10 18:25:41'),
	(246, '/sys/role', '/api/sys/role', 'POST', ' 角色添加', '2023-08-10 18:25:42', '2023-08-10 18:25:42'),
	(247, '/sys/role', '/api/sys/role', 'DELETE', ' 角色删除', '2023-08-10 18:25:43', '2023-08-10 18:25:43'),
	(248, '/setting/amountCategory', '/api/setting/amountCategory', 'GET', ' 查询AmountCategory', '2023-08-11 12:36:33', '2023-08-11 12:36:33'),
	(249, '/setting/amountCategory', '/api/setting/amountCategory/list', 'GET', ' 查询AmountCategory列表', '2023-08-11 12:36:33', '2023-08-11 12:36:33'),
	(250, '/setting/amountCategory', '/api/setting/amountCategory', 'POST', ' 添加AmountCategory', '2023-08-11 12:36:34', '2023-08-11 12:36:34'),
	(251, '/setting/amountCategory', '/api/setting/amountCategory', 'PUT', ' 修改AmountCategory', '2023-08-11 12:36:34', '2023-08-11 12:36:34'),
	(252, '/setting/amountCategory', '/api/setting/amountCategory', 'DELETE', ' 删除AmountCategory', '2023-08-11 12:36:34', '2023-08-11 12:36:34'),
	(253, '/sys/balanceCode', '/api/setting/balanceCode', 'GET', ' 查询账变类型', '2023-08-11 12:36:35', '2023-08-11 12:36:35'),
	(254, '/sys/balanceCode', '/api/setting/balanceCode/list', 'GET', ' 查询账变类型列表', '2023-08-11 12:36:35', '2023-08-11 12:36:35'),
	(255, '/sys/balanceCode', '/api/setting/balanceCode', 'POST', ' 添加账变类型', '2023-08-11 12:36:36', '2023-08-11 12:36:36'),
	(256, '/sys/balanceCode', '/api/setting/balanceCode', 'PUT', ' 修改账变类型', '2023-08-11 12:36:36', '2023-08-11 12:36:36'),
	(257, '/sys/balanceCode', '/api/setting/balanceCode', 'DELETE', ' 删除账变类型', '2023-08-11 12:36:36', '2023-08-11 12:36:36'),
	(258, '/user/loginLog', '/api/user/loginLog', 'GET', ' 登录日志查询', '2023-08-11 12:36:37', '2023-08-11 12:36:37'),
	(259, '/user/loginLog', '/api/user/loginLog/list', 'GET', ' 登录日志查询列表', '2023-08-11 12:36:37', '2023-08-11 12:36:37'),
	(260, '/user/loginLog', '/api/user/loginLog', 'POST', ' 登录日志添加', '2023-08-11 12:36:38', '2023-08-11 12:36:38'),
	(261, '/user/loginLog', '/api/user/loginLog', 'PUT', ' 登录日志修改', '2023-08-11 12:36:38', '2023-08-11 12:36:38'),
	(262, '/user/loginLog', '/api/user/loginLog', 'DELETE', ' 登录日志删除', '2023-08-11 12:36:39', '2023-08-11 12:36:39'),
	(263, '/user', '/api/user/', 'GET', ' 用户查询', '2023-08-11 12:36:40', '2023-08-11 12:36:40'),
	(264, '/user', '/api/user/list', 'GET', ' 用户查询列表', '2023-08-11 12:36:40', '2023-08-11 12:36:40'),
	(265, '/user', '/api/user/', 'POST', ' 用户添加', '2023-08-11 12:36:40', '2023-08-11 12:36:40'),
	(266, '/user', '/api/user/', 'PUT', ' 用户修改', '2023-08-11 12:36:41', '2023-08-11 12:36:41'),
	(267, '/user', '/api/user/', 'DELETE', ' 用户删除', '2023-08-11 12:36:41', '2023-08-11 12:36:41'),
	(268, '/user', '/api/user/pass', 'PUT', ' 用户修改用户登录密码', '2023-08-11 12:36:41', '2023-08-11 12:36:41'),
	(269, '/ordersvc', '/api/wallet/', 'GET', ' 查询钱包信息', '2023-08-11 12:36:42', '2023-08-11 12:36:42'),
	(270, '/ordersvc', '/api/wallet/update', 'PUT', ' 修改用户钱包', '2023-08-11 12:36:42', '2023-08-11 12:36:42'),
	(271, '/ordersvc', '/api/wallet/freeze', 'PUT', ' 冻结用户余额', '2023-08-11 12:36:42', '2023-08-11 12:36:42'),
	(272, '/ordersvc/walletLog', '/api/wallet/walletLog', 'GET', ' 查询账变日志', '2023-08-11 12:36:43', '2023-08-11 12:36:43'),
	(273, '/ordersvc/walletLog', '/api/wallet/walletLog/list', 'GET', ' 查询账变日志列表', '2023-08-11 12:36:43', '2023-08-11 12:36:43'),
	(274, '/ordersvc/walletLog', '/api/wallet/walletLog', 'POST', ' 添加账变日志', '2023-08-11 12:36:44', '2023-08-11 12:36:44'),
	(275, '/ordersvc/walletLog', '/api/wallet/walletLog', 'PUT', ' 修改账变日志', '2023-08-11 12:36:44', '2023-08-11 12:36:44'),
	(276, '/ordersvc/walletLog', '/api/wallet/walletLog', 'DELETE', ' 删除账变日志', '2023-08-11 12:36:45', '2023-08-11 12:36:45');

-- 正在导出表  star_net.s_casbin 的数据：~104 rows (大约)
INSERT IGNORE INTO `s_casbin` (`ptype`, `v0`, `v1`, `v2`, `v3`, `v4`, `v5`) VALUES
	('p', '财务', '/api/sys/api/list', 'GET', '', '', ''),
	('p', '财务', '/api/sys/api', 'DELETE', '', '', ''),
	('p', '财务', '/api/sys/menu/listWithChildren', 'GET', '', '', ''),
	('p', '财务', '/api/sys/menu/list', 'GET', '', '', ''),
	('p', '财务', '/api/sys/menu/getMenuByPath', 'GET', '', '', ''),
	('p', '财务', '/api/sys/menu', 'POST', '', '', ''),
	('p', '财务', '/api/sys/role/list', 'GET', '', '', ''),
	('p', '财务', '/api/sys/role', 'PUT', '', '', ''),
	('p', '财务', '/api/sys/role', 'GET', '', '', ''),
	('p', '财务', '/api/sys/role', 'POST', '', '', ''),
	('p', '财务', '/api/sys/role', 'DELETE', '', '', ''),
	('p', '系统管理员', '/api/sys/admin/list', 'GET', '', '', ''),
	('p', '系统管理员', '/api/sys/admin', 'DELETE', '', '', ''),
	('p', '系统管理员', '/api/sys/menu', 'POST', '', '', ''),
	('p', '系统管理员', '/api/sys/role/list', 'GET', '', '', ''),
	('p', '系统管理员', '/api/sys/role', 'PUT', '', '', ''),
	('p', '系统管理员', '/api/sys/role', 'GET', '', '', ''),
	('p', '系统管理员', '/api/sys/role', 'POST', '', '', ''),
	('p', '系统管理员', '/api/sys/role', 'DELETE', '', '', ''),
	('p', '系统管理员', '/api/sys/menu', 'GET', '', '', ''),
	('p', '系统管理员', '/api/sys/menu', 'PUT', '', '', ''),
	('p', '系统管理员', '/api/sys/menu', 'DELETE', '', '', ''),
	('p', '系统管理员', '/api/sys/admin/edit_pwd_user', 'PUT', '', '', ''),
	('p', '系统管理员', '/api/sys/admin/edit_pwd', 'PUT', '', '', ''),
	('p', '系统管理员', '/api/sys/admin', 'PUT', '', '', ''),
	('p', '系统管理员', '/api/sys/admin', 'GET', '', '', ''),
	('p', '系统管理员', '/api/sys/admin', 'GET', '', '', ''),
	('p', '系统管理员', '/api/setting/balanceCode', 'GET', '', '', ''),
	('p', '系统管理员', '/api/setting/balanceCode/list', 'GET', '', '', ''),
	('p', '系统管理员', '/api/setting/balanceCode', 'POST', '', '', ''),
	('p', '系统管理员', '/api/setting/balanceCode', 'PUT', '', '', ''),
	('p', '系统管理员', '/api/setting/balanceCode', 'DELETE', '', '', ''),
	('p', '系统管理员', '/api/setting/amountCategory', 'DELETE', '', '', ''),
	('p', '系统管理员', '/api/setting/amountCategory', 'PUT', '', '', ''),
	('p', '系统管理员', '/api/setting/amountCategory', 'POST', '', '', ''),
	('p', '系统管理员', '/api/setting/amountCategory/list', 'GET', '', '', ''),
	('p', '系统管理员', '/api/setting/amountCategory', 'GET', '', '', ''),
	('p', '系统管理员', '/api/sys/menu/listWithChildren', 'GET', '', '', ''),
	('p', '系统管理员', '/api/sys/menu/list', 'GET', '', '', ''),
	('p', '系统管理员', '/api/sys/menu/getMenuByPath', 'GET', '', '', ''),
	('p', 'admin', '/api/sys/admin/list', 'GET', '', '', ''),
	('p', 'admin', '/api/sys/admin', 'DELETE', '', '', ''),
	('p', 'admin', '/api/sys/menu', 'POST', '', '', ''),
	('p', 'admin', '/api/sys/role/list', 'GET', '', '', ''),
	('p', 'admin', '/api/sys/role', 'PUT', '', '', ''),
	('p', 'admin', '/api/sys/role', 'GET', '', '', ''),
	('p', 'admin', '/api/sys/role', 'POST', '', '', ''),
	('p', 'admin', '/api/sys/role', 'DELETE', '', '', ''),
	('p', 'admin', '/api/sys/menu', 'GET', '', '', ''),
	('p', 'admin', '/api/sys/menu', 'PUT', '', '', ''),
	('p', 'admin', '/api/sys/menu', 'DELETE', '', '', ''),
	('p', 'admin', '/api/sys/admin/edit_pwd_user', 'PUT', '', '', ''),
	('p', 'admin', '/api/sys/admin/edit_pwd', 'PUT', '', '', ''),
	('p', 'admin', '/api/sys/admin', 'PUT', '', '', ''),
	('p', 'admin', '/api/sys/admin', 'GET', '', '', ''),
	('p', 'admin', '/api/sys/admin', 'GET', '', '', ''),
	('p', 'admin', '/api/sys/api', 'PUT', '', '', ''),
	('p', 'admin', '/api/sys/api', 'POST', '', '', ''),
	('p', 'admin', '/api/sys/api', 'GET', '', '', ''),
	('p', 'admin', '/api/sys/api/list', 'GET', '', '', ''),
	('p', 'admin', '/api/sys/api', 'DELETE', '', '', ''),
	('p', 'admin', '/api/sys/adminLoginLog/list', 'GET', '', '', ''),
	('p', 'admin', '/api/setting/balanceCode', 'GET', '', '', ''),
	('p', 'admin', '/api/setting/balanceCode/list', 'GET', '', '', ''),
	('p', 'admin', '/api/setting/balanceCode', 'POST', '', '', ''),
	('p', 'admin', '/api/setting/balanceCode', 'PUT', '', '', ''),
	('p', 'admin', '/api/setting/balanceCode', 'DELETE', '', '', ''),
	('p', 'admin', '/api/setting/amountCategory', 'DELETE', '', '', ''),
	('p', 'admin', '/api/setting/amountCategory', 'PUT', '', '', ''),
	('p', 'admin', '/api/setting/amountCategory', 'POST', '', '', ''),
	('p', 'admin', '/api/setting/amountCategory/list', 'GET', '', '', ''),
	('p', 'admin', '/api/setting/amountCategory', 'GET', '', '', ''),
	('p', 'admin', '/api/wallet/update', 'PUT', '', '', ''),
	('p', 'admin', '/api/wallet/freeze', 'PUT', '', '', ''),
	('p', 'admin', '/api/user/loginLog', 'DELETE', '', '', ''),
	('p', 'admin', '/api/user/loginLog', 'PUT', '', '', ''),
	('p', 'admin', '/api/user/loginLog', 'POST', '', '', ''),
	('p', 'admin', '/api/user/loginLog/list', 'GET', '', '', ''),
	('p', 'admin', '/api/user/loginLog', 'GET', '', '', ''),
	('p', 'admin', '/api/wallet/walletLog', 'DELETE', '', '', ''),
	('p', 'admin', '/api/wallet/walletLog', 'PUT', '', '', ''),
	('p', 'admin', '/api/wallet/walletLog', 'POST', '', '', ''),
	('p', 'admin', '/api/wallet/walletLog/list', 'GET', '', '', ''),
	('p', 'admin', '/api/sys/dict', 'GET', '', '', ''),
	('p', 'admin', '/api/sys/dict', 'POST', '', '', ''),
	('p', 'admin', '/api/sys/dict', 'PUT', '', '', ''),
	('p', 'admin', '/api/sys/dict', 'GET', '', '', ''),
	('p', 'admin', '/api/sys/dict', 'DELETE', '', '', ''),
	('p', 'admin', '/api/sys/api', 'POST', '', '', ''),
	('p', 'admin', '/api/sys/api', 'PUT', '', '', ''),
	('p', 'admin', '/api/sys/api', 'GET', '', '', ''),
	('p', 'admin', '/api/sys/api', 'DELETE', '', '', ''),
	('p', 'admin', '/api/user/loginLog', 'DELETE', '', '', ''),
	('p', 'admin', '/api/user/loginLog', 'PUT', '', '', ''),
	('p', 'admin', '/api/user/loginLog', 'POST', '', '', ''),
	('p', 'admin', '/api/user/pass', 'PUT', '', '', ''),
	('p', 'admin', '/api/sys/menu/listWithChildren', 'GET', '', '', ''),
	('p', 'admin', '/api/sys/menu/list', 'GET', '', '', ''),
	('p', 'admin', '/api/sys/menu/getMenuByPath', 'GET', '', '', ''),
	('p', 'admin', '/api/sys/dict', 'DELETE', '', '', ''),
	('p', 'admin', '/api/sys/dict/list', 'GET', '', '', ''),
	('p', 'admin', '/api/sys/dict', 'GET', '', '', ''),
	('p', 'admin', '/api/sys/dict', 'POST', '', '', ''),
	('p', 'admin', '/api/sys/dict', 'PUT', '', '', '');

-- 正在导出表  star_net.s_dict 的数据：~3 rows (大约)
INSERT IGNORE INTO `s_dict` (`id`, `title`, `k`, `v`, `desc`, `group`, `status`, `type`, `created_at`, `updated_at`) VALUES
	(42, '系统白名单', 'white_ips', 'localhost', '系统白名单', '1', 1, 3, '2022-12-28 12:25:41', '2023-08-13 03:35:34'),
	(44, '欢迎语', 'great', 'hello', '', '2', 1, 1, '2022-12-28 12:25:41', '2023-08-07 15:12:16'),
	(63, 'CloudFlare公共访问域', 'cloudflare_pub', 'https://pub-e700c1631e3a4dedaf546e73002fac2f.r2.dev/', 'CloudFlare公共访问域', '1', 1, 1, '2023-08-14 12:35:27', '2023-08-14 12:50:12');

-- 正在导出表  star_net.s_file 的数据：~16 rows (大约)
INSERT IGNORE INTO `s_file` (`id`, `url`, `group`, `status`, `created_at`, `updated_at`) VALUES
	(253, 'hf5yEB.png', 2, 1, '2023-08-15 16:27:50', '2023-08-15 16:27:50'),
	(254, 'sKIquM.jpeg', 2, 1, '2023-08-15 16:36:32', '2023-08-15 16:36:32'),
	(261, 'W2HAa7.png', 2, 1, '2023-08-15 20:46:55', '2023-08-15 20:46:55'),
	(262, 'TE8xC2.jpeg', 2, 1, '2023-08-15 13:42:16', '2023-08-15 13:42:16'),
	(263, 'rJVUz4.png', 2, 1, '2023-08-15 13:42:29', '2023-08-15 13:42:29'),
	(264, '5T3wUb.jpeg', 2, 1, '2023-08-15 13:42:47', '2023-08-15 13:42:47'),
	(266, 'DvoyBR.png', 2, 1, '2023-08-15 13:43:56', '2023-08-15 13:43:56'),
	(267, 'qfhadk.jpeg', 2, 1, '2023-08-16 10:12:32', '2023-08-16 10:12:32'),
	(268, 'ZjJy7M.jpeg', 2, 1, '2023-08-16 10:13:09', '2023-08-16 10:13:09'),
	(269, 'vMj7EP.png', 2, 1, '2023-08-16 10:20:45', '2023-08-16 10:20:45'),
	(270, 'auRWSQ.png', 2, 1, '2023-08-16 13:49:24', '2023-08-16 13:49:24'),
	(271, 'eydjs6.jpeg', 2, 1, '2023-08-16 13:54:52', '2023-08-16 13:54:52'),
	(272, 'MD5YT8.png', 2, 1, '2023-08-16 11:55:14', '2023-08-16 11:55:14'),
	(273, 'ZKkc8T.png', 2, 1, '2023-08-16 11:55:27', '2023-08-16 11:55:27'),
	(274, 'fEVIrJ.png', 2, 1, '2023-08-16 11:55:39', '2023-08-16 11:55:39'),
	(275, 'XGczat.jpeg', 2, 1, '2023-08-17 10:17:06', '2023-08-17 10:17:06');

-- 正在导出表  star_net.s_menu 的数据：~52 rows (大约)
INSERT IGNORE INTO `s_menu` (`id`, `pid`, `icon`, `bg_img`, `name`, `path`, `sort`, `type`, `desc`, `file_path`, `status`, `created_at`, `updated_at`, `permission`) VALUES
	(1, -1, '', '', '系统', '#', 1.00, 2, '系统管理', '', 1, NULL, '2023-08-09 03:29:09', ''),
	(281, 1, 'DvoyBR.png', '', '菜单', '/admin/sys/menu', 1.10, 1, '这里是菜单管理页面', '', 1, NULL, '2023-08-15 05:44:00', '菜单管理'),
	(282, 1, 'DvoyBR.png', '', '角色', '/admin/sys/role', 1.30, 1, '这里是角色管理页面', '', 1, NULL, '2023-08-10 03:25:58', '角色管理'),
	(283, 1, 'ZjJy7M.jpeg', '', '管理员', '/admin/sys/admin', 1.50, 1, '这里是管理员管理页面', '', 1, NULL, '2023-08-09 03:30:28', '用户管理'),
	(284, 1, 'vMj7EP.png', '#', '字典', '/admin/sys/dict', 1.60, 1, '这里是字典管理页面', '', 1, NULL, '2023-08-16 02:20:50', '字典管理'),
	(285, 1, 'ZjJy7M.jpeg', '#', 'API', '/admin/sys/api', 1.20, 1, '这里是API管理页面', '', 1, NULL, '2023-08-10 20:27:35', 'API管理'),
	(286, 283, '', '', '用户删除', '#', 1.50, 3, '用户删除', '', 1, NULL, '2023-08-09 03:32:14', 'admin_del'),
	(287, 283, '', '#', '用户修改', '#', 1.50, 3, '用户修改', '', 1, NULL, '2023-08-10 20:26:07', 'admin_edit'),
	(288, 1, '', '#', '登录日志', '/admin/sys/adminLoginLog', 1.70, 1, '管理员登录日志', '', 1, NULL, '2023-08-10 20:27:58', 'API管理'),
	(289, -1, NULL, NULL, '配置', NULL, 2.00, 2, NULL, NULL, 1, '2023-08-06 08:22:03', '2023-08-06 08:22:03', '配置'),
	(290, 289, '', '', '账变类型', '/admin/setting/balance_code', 2.10, 1, 'u_balance_code', '', 1, NULL, '2023-08-10 20:46:30', '账变类型'),
	(291, 289, '', '', '充值提现类型', '/admin/setting/amount_category', 2.20, 1, 'u_amount_category', '', 1, NULL, '2023-08-10 20:47:14', '充值提现类型'),
	(292, 289, '', '', '分类项目', '/admin/setting/category', 2.30, 1, 'u_amount_item', '', 1, NULL, '2023-08-15 03:30:31', '分类项目'),
	(293, -1, NULL, NULL, '通用', NULL, 3.00, 2, NULL, NULL, 1, '2023-08-06 11:22:06', '2023-08-06 11:22:06', '通用'),
	(294, 293, 'auRWSQ.png', '', 'banner', '/admin/common/banner', 3.10, 1, 'banner', '', 1, NULL, '2023-08-16 05:49:27', 'banner'),
	(295, 293, '', '', '多语言', '/admin/common/language', 3.20, 1, '多语言', '', 1, NULL, '2023-08-13 19:17:26', ''),
	(296, -1, NULL, NULL, '统计', NULL, 4.00, 2, NULL, NULL, 1, '2023-08-06 11:26:06', '2023-08-06 11:26:06', '统计'),
	(297, 296, NULL, NULL, '平台报表', NULL, 4.10, 1, NULL, NULL, 1, '2023-08-06 11:27:04', '2023-08-06 11:27:04', '平台报表'),
	(298, 296, NULL, NULL, '平台统计', NULL, 4.20, 1, NULL, NULL, 1, '2023-08-06 11:27:05', '2023-08-06 11:27:05', '平台统计'),
	(299, 296, '', '', '账变统计', '/admin/wallet/reportWalletDay', 4.30, 1, '#', '', 1, NULL, '2023-08-15 07:07:46', '账变统计'),
	(300, -1, NULL, NULL, '用户', NULL, 5.00, 2, NULL, NULL, 1, '2023-08-06 11:27:36', '2023-08-06 11:27:36', '用户'),
	(301, 300, NULL, NULL, '用户列表', '/admin/user/user', 5.10, 1, NULL, NULL, 1, '2023-08-06 11:29:50', '2023-08-06 11:29:50', '用户列表'),
	(302, 300, '', '', '登录日志', '/admin/user/loginLog', 5.20, 1, ' 登录日志', '', 1, NULL, '2023-08-10 22:03:32', '登录日志'),
	(303, 300, '', '', '账变', '/admin/user/walletLog', 5.30, 1, '账变', '', 1, NULL, '2023-08-10 22:04:10', '账变'),
	(304, 300, '', '', '充值订单', '/admin/wallet/deposit', 5.40, 1, '充值订单页面', '', 1, NULL, '2023-08-13 03:14:32', '充值订单'),
	(305, 300, '', '', '提现订单', '/admin/wallet/withdraw', 5.50, 1, '这里是提现订单页面', '', 1, NULL, '2023-08-13 12:41:20', '提现订单'),
	(317, 314, '', '', '测试菜单', '', 1.00, 1, '测试啊啊', '测试啊', 2, '2023-08-07 23:16:15', '2023-08-07 23:16:15', ''),
	(319, 318, '', '', '测试2', '测试2', 1.00, 1, '测试2', '', 1, NULL, '2023-08-07 23:30:44', ''),
	(320, 319, '', '', '测试按钮', '测试测试测试测试', 1.00, 3, '测试123', '', 1, '2023-08-07 23:25:15', '2023-08-07 23:25:15', ''),
	(323, 281, '', '', '添加', '#', 1.00, 3, '添加', '', 1, NULL, '2023-08-10 02:51:47', 'menu_add'),
	(324, 281, '', '', '编辑', '#', 1.00, 3, '编辑', '', 1, NULL, '2023-08-10 20:23:31', 'menu_edit'),
	(325, 281, '', '', '删除', '#', 1.00, 3, '删除', '', 1, NULL, '2023-08-10 20:24:03', 'menu_del'),
	(326, 282, '', '', '添加', '#', 1.00, 3, '添加', '', 1, NULL, '2023-08-09 03:10:47', 'role_add'),
	(327, 301, '', '', '打开钱包', '#', 1.00, 3, '#', '', 1, NULL, '2023-08-10 20:51:04', 'user_打开钱包'),
	(329, 282, '', '', '编辑', '#', 1.00, 3, '角色编辑', '', 1, NULL, '2023-08-08 22:41:52', 'role_edit'),
	(330, 282, '', '', '删除', '#', 1.00, 3, '角色删除', '', 1, '2023-08-08 22:42:19', '2023-08-08 22:42:19', 'role_del'),
	(331, 283, '', '', '用户添加', '#', 1.00, 3, '用户添加', '', 1, NULL, '2023-08-10 20:26:49', 'admin_add'),
	(334, 301, '', '', '修改用户钱包', '#', 1.00, 3, '修改用户钱包', '', 1, '2023-08-10 20:52:16', '2023-08-10 20:52:16', 'user_修改用户钱包'),
	(336, 301, '', '', '冻结用户余额', '#', 1.00, 3, '冻结用户余额', '', 1, '2023-08-10 20:52:55', '2023-08-10 20:52:55', 'user_冻结用户余额'),
	(337, 301, '', '', '修改用户登录密码', '#', 1.00, 3, '修改用户登录密码', '', 1, NULL, '2023-08-15 00:02:46', 'user_用户修改用户登录密码'),
	(338, 284, '', '', '字典添加', '#', 1.00, 3, '字典添加', '', 1, NULL, '2023-08-10 23:48:37', 'dict_add'),
	(339, 284, '', '', '字典修该', '#', 1.00, 3, '字典修该', '', 1, '2023-08-10 23:49:42', '2023-08-10 23:49:42', 'dict_edit'),
	(340, 284, '', '', '字典删除', '#', 1.00, 3, '字典', '', 1, '2023-08-10 23:50:13', '2023-08-10 23:50:13', 'dict_del'),
	(341, 285, '', '', 'API添加', '#', 1.00, 3, 'API添加', '', 1, '2023-08-10 23:51:15', '2023-08-10 23:51:15', 'api_add'),
	(342, 285, '', '', 'API修该', '#', 1.00, 3, 'API修该', '', 1, '2023-08-10 23:51:54', '2023-08-10 23:51:54', 'api_edit'),
	(343, 285, '', '', 'API删除', '#', 1.00, 3, 'API删除', '', 1, '2023-08-10 23:52:33', '2023-08-10 23:52:33', 'api_del'),
	(344, 288, '', '', '登录日志删除', '#', 1.00, 3, '登录日志删除清空', '', 1, NULL, '2023-08-11 00:00:44', 'loginLog_del'),
	(345, 1, '', '', '文件', '/admin/sys/file', 1.00, 1, '这里是文件管理页面', '', 1, '2023-08-11 20:22:46', '2023-08-11 20:22:46', ''),
	(346, 345, '', '', '添加按钮', '#', 1.00, 3, '添加按钮', '', 1, '2023-08-12 20:44:03', '2023-08-12 20:44:03', 'file_add'),
	(347, 345, '', '', '编辑按钮', '#', 1.00, 3, '编辑按钮', '', 1, '2023-08-12 20:44:53', '2023-08-12 20:44:53', 'file_edit'),
	(348, 345, '', '', '删除按钮', '#', 1.00, 3, '删除按钮', '', 1, '2023-08-12 20:47:44', '2023-08-12 20:47:44', 'file_del'),
	(350, 289, '', '', '银行表', '/admin/setting/bank', 1.00, 1, '#', '', 1, NULL, '2023-08-14 22:30:31', '');

-- 正在导出表  star_net.s_menu_api_rule 的数据：~64 rows (大约)
INSERT IGNORE INTO `s_menu_api_rule` (`id`, `menu_id`, `api_id`) VALUES
	(250, 283, 210),
	(251, 286, 211),
	(259, 323, 243),
	(265, 282, 227),
	(266, 282, 226),
	(267, 282, 245),
	(268, 282, 246),
	(269, 282, 247),
	(270, 324, 242),
	(271, 324, 244),
	(272, 325, 221),
	(273, 287, 231),
	(274, 287, 213),
	(275, 287, 234),
	(276, 287, 233),
	(277, 331, 233),
	(283, 285, 237),
	(284, 285, 236),
	(285, 285, 235),
	(286, 285, 216),
	(287, 285, 215),
	(288, 288, 214),
	(289, 290, 253),
	(290, 290, 254),
	(291, 290, 255),
	(292, 290, 256),
	(293, 290, 257),
	(294, 291, 252),
	(295, 291, 251),
	(296, 291, 250),
	(297, 291, 249),
	(298, 291, 248),
	(299, 334, 270),
	(300, 336, 271),
	(302, 302, 262),
	(303, 302, 261),
	(304, 302, 260),
	(305, 302, 259),
	(306, 302, 258),
	(307, 303, 276),
	(308, 303, 275),
	(309, 303, 274),
	(310, 303, 273),
	(313, 338, 238),
	(314, 338, 239),
	(315, 339, 240),
	(316, 339, 238),
	(317, 340, 217),
	(318, 341, 236),
	(319, 342, 237),
	(320, 342, 235),
	(321, 343, 215),
	(325, 344, 262),
	(326, 344, 261),
	(327, 344, 260),
	(329, 337, 268),
	(336, 281, 224),
	(337, 281, 223),
	(338, 281, 222),
	(349, 284, 217),
	(350, 284, 218),
	(351, 284, 238),
	(352, 284, 239),
	(353, 284, 240);

-- 正在导出表  star_net.s_operation_log 的数据：~0 rows (大约)

-- 正在导出表  star_net.s_role 的数据：~3 rows (大约)
INSERT IGNORE INTO `s_role` (`id`, `name`, `status`, `created_at`, `updated_at`) VALUES
	(1, 'admin', 1, NULL, '2023-08-17 07:32:20'),
	(4827, '系统管理员', 1, NULL, '2023-08-17 15:18:37'),
	(4828, '财务', 1, NULL, '2023-08-10 20:26:42');

-- 正在导出表  star_net.s_role_menu 的数据：~78 rows (大约)
INSERT IGNORE INTO `s_role_menu` (`id`, `role_id`, `menu_id`) VALUES
	(985, 4828, 1),
	(986, 4828, 284),
	(987, 4828, 285),
	(988, 4828, 288),
	(989, 4828, 281),
	(990, 4828, 323),
	(991, 4828, 324),
	(992, 4828, 325),
	(993, 4828, 282),
	(994, 4828, 326),
	(995, 4828, 329),
	(996, 4828, 330),
	(1198, 4827, 1),
	(1199, 4827, 281),
	(1200, 4827, 323),
	(1201, 4827, 324),
	(1202, 4827, 325),
	(1203, 4827, 282),
	(1204, 4827, 326),
	(1205, 4827, 329),
	(1206, 4827, 330),
	(1207, 4827, 283),
	(1208, 4827, 286),
	(1209, 4827, 287),
	(1210, 4827, 331),
	(1211, 4827, 289),
	(1212, 4827, 290),
	(1213, 4827, 291),
	(1214, 4827, 292),
	(1345, 1, 1),
	(1346, 1, 281),
	(1347, 1, 323),
	(1348, 1, 324),
	(1349, 1, 325),
	(1350, 1, 282),
	(1351, 1, 326),
	(1352, 1, 329),
	(1353, 1, 330),
	(1354, 1, 283),
	(1355, 1, 286),
	(1356, 1, 287),
	(1357, 1, 331),
	(1358, 1, 284),
	(1359, 1, 338),
	(1360, 1, 339),
	(1361, 1, 340),
	(1362, 1, 285),
	(1363, 1, 341),
	(1364, 1, 342),
	(1365, 1, 343),
	(1366, 1, 288),
	(1367, 1, 344),
	(1368, 1, 345),
	(1369, 1, 346),
	(1370, 1, 347),
	(1371, 1, 348),
	(1372, 1, 289),
	(1373, 1, 290),
	(1374, 1, 291),
	(1375, 1, 292),
	(1376, 1, 293),
	(1377, 1, 294),
	(1378, 1, 295),
	(1379, 1, 296),
	(1380, 1, 297),
	(1381, 1, 298),
	(1382, 1, 299),
	(1383, 1, 300),
	(1384, 1, 302),
	(1385, 1, 303),
	(1386, 1, 304),
	(1387, 1, 305),
	(1388, 1, 301),
	(1389, 1, 327),
	(1390, 1, 334),
	(1391, 1, 336),
	(1392, 1, 337),
	(1393, 1, 350);

/*!40103 SET TIME_ZONE=IFNULL(@OLD_TIME_ZONE, 'system') */;
/*!40101 SET SQL_MODE=IFNULL(@OLD_SQL_MODE, '') */;
/*!40014 SET FOREIGN_KEY_CHECKS=IFNULL(@OLD_FOREIGN_KEY_CHECKS, 1) */;
/*!40101 SET CHARACTER_SET_CLIENT=@OLD_CHARACTER_SET_CLIENT */;
/*!40111 SET SQL_NOTES=IFNULL(@OLD_SQL_NOTES, 1) */;
